timestamp,name,memory.used,memory.total,utilization.gpu,temperature.gpu,power.draw
2026-09-07T13:18:10+00:00,Quadro P5000,12628,16384,11,49,9.61
2026-09-07T13:18:13+00:00,Quadro P5000,12569,16384,5,49,10.34
2026-09-07T13:18:15+00:00,Quadro P5000,2567,16384,4,49,43.09
2026-09-07T13:18:17+00:00,Quadro P5000,2615,16384,1,50,43.00
2026-09-07T13:18:19+00:00,Quadro P5000,6771,16384,14,50,46.58
2026-09-07T13:18:21+00:00,Quadro P5000,7479,16384,34,51,46.26
2026-09-07T13:18:23+00:00,Quadro P5000,7487,16384,2,52,46.84
2026-09-07T13:18:25+00:00,Quadro P5000,7556,16384,95,55,147.28
2026-09-07T13:18:27+00:00,Quadro P5000,7512,16384,3,53,47.08
